city_id,city,population,country,lat,lng
0,Delhi,32226000.0,India,28.61,77.23
1,Mumbai,24973000.0,India,19.0761,72.8775
2,Kolkata,21747000.0,India,22.5675,88.37
3,Bangalore,15386000.0,India,12.9789,77.5917
4,Chennai,12395000.0,India,13.0825,80.275
5,Hyderabad,10494000.0,India,17.3617,78.4747
6,Pune,8231000.0,India,18.5203,73.8567
7,Ahmedabad,8009000.0,India,23.0225,72.5714
8,Surat,6538000.0,India,21.205,72.84
9,Prayagraj,5954391.0,India,25.4358,81.8464
10,Belahi,4487379.0,India,26.4,86.25
11,Nadampalaiyam,3458045.0,India,11.0125,76.9714
12,Lucknow,3382000.0,India,26.85,80.95
13,Kannankulam,3243170.0,India,10.52,76.21
14,Jaipur,3073350.0,India,26.9,75.8
15,Kottarassheri,2952254.0,India,10.775,76.651
16,Attadappa,2615266.0,India,11.8689,75.3555
17,Barmhan Kalan,2537000.0,India,19.1972,72.9722
18,Mirzapur,2496970.0,India,25.146,82.569
19,Nagpur,2405665.0,India,21.1497,79.0806
20,Ghaziabad,2375820.0,India,28.67,77.42
21,Supaul,2229076.0,India,26.126,86.605
22,Vadodara,2065771.0,India,22.3,73.2
23,Rajkot,2043000.0,India,22.3,70.7833
24,Vishakhapatnam,2035922.0,India,17.7042,83.2978
25,Indore,1994397.0,India,22.7167,75.8472
26,Thane,1886941.0,India,19.1972,72.9722
27,Bhopal,1798218.0,India,23.2599,77.4126
28,Agra,1760285.0,India,27.18,78.02
29,Peyanvilai,1750176.0,India,8.9,77.9833
30,Pimpri-Chinchwad,1729320.0,India,18.6186,73.8037
31,Patna,1684222.0,India,25.594,85.1376
32,Bilaspur,1625502.0,India,22.09,82.15
33,Ludhiana,1618879.0,India,30.91,75.85
34,Madurai,1561129.0,India,9.9252,78.1198
35,Jamshedpur,1558000.0,India,22.7925,86.1842
36,Nasik,1486053.0,India,19.9975,73.7898
37,Vijayawada,1476931.0,India,16.5193,80.6305
38,Faridabad,1404653.0,India,28.4211,77.3078
39,Najafgarh,1365152.0,India,28.6125,76.9847
40,Meerut,1305429.0,India,28.98,77.71
41,Jabalpur,1267564.0,India,23.1667,79.9333
42,Kalyan,1246381.0,India,19.24,73.13
43,Vasai-Virar,1221233.0,India,19.47,72.8
44,Panipat,1202811.0,India,29.3875,76.97
45,Varanasi,1198491.0,India,25.3189,83.0128
46,Kalleli,1197412.0,India,9.2807,76.8697
47,Srinagar,1180570.0,India,34.09,74.79
48,Aurangabad,1175116.0,India,19.88,75.32
49,Dhanbad,1162472.0,India,23.7998,86.4305
50,Amritsar,1132383.0,India,31.64,74.86
51,Aligarh,1131160.0,India,27.88,78.08
52,Guwahati,1116267.0,India,26.1722,91.7458
53,Howrah,1077075.0,India,22.58,88.3294
54,Ranchi,1073440.0,India,23.36,85.33
55,Gwalior,1069276.0,India,26.2125,78.1775
56,Chandigarh,1055450.0,India,30.75,76.78
57,Jodhpur,1033918.0,India,26.28,73.02
58,Raipur,1010087.0,India,21.2444,81.6306
59,Kota,1001694.0,India,25.18,75.83
60,Bareilly,1000000.0,India,28.3667,79.4306
61,Coimbatore,959823.0,India,11.0008,76.9633
62,Solapur,951558.0,India,17.68,75.92
63,Hubli,943788.0,India,15.3502,75.1376
64,Mysore,920550.0,India,12.3086,76.6531
65,Trichy,916857.0,India,10.7903,78.7047
66,Moradabad,889810.0,India,28.8319,78.7764
67,Tiruppur,877778.0,India,11.1085,77.3411
68,Gurgaon,876824.0,India,28.456,77.029
69,Jalandhar,873725.0,India,31.326,75.5762
70,Bhubaneshwar,837737.0,India,20.27,85.84
71,Narela,809913.0,India,28.85,77.1
72,Bhayandar,809378.0,India,19.29,72.85
73,Karimnagar,797447.0,India,18.4386,79.1288
74,Patiala,763280.0,India,30.34,76.38
75,Shishgarh,753815.0,India,28.72,79.32
76,Trivandrum,743691.0,India,8.5241,76.9366
77,Durgapur,726000.0,India,23.55,87.32
78,Bhiwandi,709665.0,India,19.2967,73.0631
79,Bhilwara,709483.0,India,25.35,74.63
80,Saharanpur,705478.0,India,29.9639,77.5458
81,Warangal,704570.0,India,17.9689,79.5941
82,Shiliguri,701489.0,India,26.71,88.43
83,Salem,693236.0,India,11.65,78.15
84,Kochi,677381.0,India,9.9312,76.2673
85,Gorakhpur,673446.0,India,26.7637,83.4039
86,Guntur,670073.0,India,16.3008,80.4428
87,Karaikandi,659260.0,India,24.8309,92.6143
88,Haldwani,656000.0,India,29.22,79.52
89,Dhulia,655603.0,India,20.8997,74.7697
90,Bhavnagar,643382.0,India,21.76,72.15
91,Noida,637272.0,India,28.57,77.32
92,Bhangar,634107.0,India,22.58,88.42
93,Bhilai,624700.0,India,21.21,81.38
94,Mangalore,623841.0,India,12.8717,74.8425
95,Bihta,617427.0,India,25.5619,84.87
96,Hasanpur,611533.0,India,28.72,78.28
97,Cuttack,606007.0,India,20.5236,85.7881
98,Salimpur,604483.0,India,26.3,83.9167
99,Raurkela,600000.0,India,22.2492,84.8828
100,Tumkur,599078.0,India,13.34,77.1
101,Dehradun,578420.0,India,30.345,78.029
102,Kottayam,571856.0,India,9.5916,76.5222
103,Āsansol,563917.0,India,23.68,86.99
104,Bokaro Steel City,563417.0,India,23.67,86.15
105,Kolhapur,561489.0,India,16.6917,74.2333
106,Nava Raipur,560000.0,India,21.161,81.787
107,Ajmer,551101.0,India,26.4499,74.6399
108,Nanded,550439.0,India,19.15,77.3
109,Amravati,549370.0,India,20.9258,77.7647
110,Nellore,547621.0,India,14.4431,79.9861
111,Dispur,534872.0,India,26.1397,91.7925
112,Gulbarga,533587.0,India,17.329,76.825
113,Bikaner,529007.0,India,28.0167,73.3119
114,Agartala,522613.0,India,23.8314,91.2869
115,Chanda,518000.0,India,19.95,79.297
116,Loni,516082.0,India,28.75,77.28
117,Ujjain,515215.0,India,23.17,75.79
118,Jhansi,507000.0,India,25.4486,78.5696
119,Ulhasnagar,506098.0,India,19.22,73.15
120,Jammu,502197.0,India,32.73,74.87
121,Tuticorin,500000.0,India,8.8056,78.145
122,Purnia,496830.0,India,25.778,87.476
123,Belgaum,488157.0,India,15.85,74.5
124,Vellore,484690.0,India,12.9165,79.1325
125,Malegaon,481228.0,India,20.55,74.55
126,Jamnagar,479920.0,India,22.47,70.07
127,Bardoli,475963.0,India,21.12,73.12
128,Gaya,474093.0,India,24.75,85.01
129,Ambattur,466205.0,India,13.1143,80.1548
130,Jalgaon,460468.0,India,21.004,75.568
131,Chhatarpur,459943.0,India,24.55,79.3527
132,Kurnool,457633.0,India,15.83,78.05
133,Udaipur,451100.0,India,24.58,73.68
134,Wapi,450000.0,India,20.372,72.917
135,Mathura,441894.0,India,27.4925,77.6736
136,Sangli,436639.0,India,16.853,74.583
137,Davangere,435125.0,India,14.4666,75.9242
138,Calicut,431560.0,India,11.2588,75.7804
139,Mothihari,426158.0,India,26.65,84.9167
140,Akola,425817.0,India,20.7,77.0
141,Bettiah,414453.0,India,26.8014,84.5028
142,Shorapur,412291.0,India,16.52,76.76
143,Tinnevelly,411298.0,India,8.7136,77.7567
144,Bellary,410445.0,India,15.1,76.9167
145,Bhagalpur,410210.0,India,25.25,87.0
146,Manampizha,409271.0,India,9.2972,76.65
147,Delhi Cantonment,405633.0,India,28.6,77.1333
148,Etawa,402678.0,India,24.18,78.2
149,Sonipat,402000.0,India,28.99,77.022
150,Quilon,397419.0,India,8.8932,76.6141
151,Mulangodi,397419.0,India,9.0,76.6167
152,Munro Turuttu,397419.0,India,9.0,76.6167
153,Karur,394719.0,India,10.9601,78.0766
154,Jalna,393000.0,India,19.841,75.8864
155,Bairia,386745.0,India,25.7583,84.1489
156,Bhatpara,386019.0,India,22.87,88.41
157,Sirur,385414.0,India,18.83,74.38
158,Kakinada,384182.0,India,16.9661,82.255
159,Panihati,377347.0,India,22.69,88.37
160,Rohtak,374292.0,India,28.8909,76.5796
161,Maler Kotla,374000.0,India,30.5167,75.8833
162,Kolga,365253.0,India,22.35,82.68
163,Korba,365253.0,India,22.3458,82.6963
164,Sikar,359293.0,India,27.62,75.15
165,Sasaram,358283.0,India,24.95,84.03
166,Karnal,357334.0,India,29.686,76.989
167,Brahmapur,355823.0,India,19.315,84.7941
168,Ahmadnagar,350859.0,India,19.08,74.73
169,Shahjanpur,346103.0,India,27.88,79.91
170,Āvadi,345996.0,India,13.1147,80.1098
171,Khanapur,345839.0,India,15.6394,74.5083
172,Cuddapah,344893.0,India,14.47,78.82
173,Alamadi,344701.0,India,13.1097,80.0972
174,Rajahmundry,341831.0,India,16.98,81.78
175,Alwar,341422.0,India,27.5498,76.6355
176,Sambalpur,335761.0,India,21.47,83.97
177,Muzaffarpur,333200.0,India,26.1225,85.3906
178,Kamarhati,330211.0,India,22.6686,88.3704
179,Campiernagar,329104.0,India,27.029,83.2668
180,Bijapur,327427.0,India,16.83,75.71
181,Ratnagiri,327120.0,India,16.9944,73.3
182,Jagdalpur,325463.0,India,19.18,81.92
183,Rampur,325248.0,India,28.8,79.0
184,Shimoga,322650.0,India,13.9333,75.5667
185,Kashipur,321623.0,India,29.22,78.95
186,Junagadh,320250.0,India,21.5222,70.4579
187,Hapur,317004.0,India,28.7309,77.7757
188,Pattikad,315957.0,India,10.5276,76.2144
189,Trichur,315596.0,India,10.5276,76.2144
190,Barddhaman,314265.0,India,23.2333,87.8667
191,Panvel,311434.0,India,18.9944,73.1139
192,Nizamabad,311152.0,India,18.672,78.094
193,Parbhani,307170.0,India,19.27,76.78
194,Hisar,307024.0,India,29.15,75.7
195,Fatehpur,305638.0,India,27.98,74.95
196,Birania,305638.0,India,27.98,74.95
197,Karaikkudi,303291.0,India,10.0735,78.7732
198,Lachhmangarh Sikar,302956.0,India,27.8225,75.0253
199,Oulgaret,300104.0,India,11.9265,79.7789
200,Ingraj Bazar,300088.0,India,25.0119,88.1433
201,Bada Barabil,300000.0,India,22.12,85.4
202,Bihar,297268.0,India,25.197,85.518
203,Darbhanga,296039.0,India,26.17,85.9
204,Idar,295971.0,India,23.839,73.002
205,Sikandarabad,294858.0,India,28.4512,77.6955
206,Āizawl,293416.0,India,23.7272,92.7178
207,Bali,293373.0,India,22.65,88.34
208,Surajgarha,290998.0,India,25.25,86.23
209,Nagercoil,289916.0,India,8.175,77.4306
210,Dewas,289550.0,India,22.96,76.06
211,Sonpur,288102.0,India,25.7,85.18
212,Hugli,288090.0,India,22.9,88.39
213,Chunchura,288090.0,India,22.9,88.39
214,Ichalkaranji,287570.0,India,16.7,74.47
215,Tirupati,287482.0,India,13.65,79.42
216,Bhatinda,285813.0,India,30.23,74.9519
217,Satna,283004.0,India,24.6005,80.8322
218,Mau,278745.0,India,25.9417,83.5611
219,Barasat,278435.0,India,22.72,88.48
220,Farrukhabad,275754.0,India,27.39,79.581
221,Saugor,274556.0,India,23.83,78.71
222,Khorabar,274403.0,India,26.741,83.888
223,Ratlam,273892.0,India,23.334,75.037
224,Handwara,269311.0,India,34.3997,74.2817
225,Drug,268806.0,India,21.19,81.28
226,Anantapur,267161.0,India,14.68,77.599
227,Imphal,264986.0,India,24.8074,93.9384
228,Arrah,261430.0,India,25.5514,84.6603
229,Sivakasi,260047.0,India,9.4533,77.8024
230,Etawah,256838.0,India,26.77,79.03
231,Malkajgiri,255899.0,India,17.4519,78.5362
232,Tuni,254425.0,India,17.35,82.55
233,Amarnath,253475.0,India,19.209,73.186
234,Rapar,253137.0,India,23.57,70.63
235,Samastipur,253136.0,India,25.8629,85.7811
236,Gokak,253000.0,India,16.1667,74.8333
237,Begusarai,252008.0,India,25.42,86.13
238,Nedumana,251384.0,India,8.9139,76.6889
239,New Delhi,249998.0,India,28.6139,77.2089
240,Tiruvottiyur,249446.0,India,13.16,80.3
241,Ramnagar,249102.0,India,27.17,84.32
242,Gandhidham,248705.0,India,23.08,70.13
243,Salumbar,248337.0,India,24.08,74.02
244,Puducherry,244377.0,India,11.9167,79.8167
245,Kanpur,243800.0,India,26.4499,80.3319
246,Ramgundam,242979.0,India,18.7639,79.475
247,Pandharpur,242515.0,India,17.6778,75.3278
248,Masaurhi Buzurg,241216.0,India,25.35,85.02
249,Alleppey,240991.0,India,9.49,76.33
250,Katihar,240565.0,India,25.53,87.58
251,Ahor,239642.0,India,25.367,72.783
252,Ganganagar,237780.0,India,29.92,73.88
253,Tinkhang,236571.0,India,27.23,95.17
254,Rewa,236519.0,India,24.5381,81.2953
255,Uluberiya,235345.0,India,22.47,88.11
256,Bulandshahr,235310.0,India,28.4069,77.8497
257,Raichur,234073.0,India,16.2,77.37
258,Chauhanpatti,233691.0,India,25.15,82.6
259,Cannanore,232486.0,India,11.8745,75.3704
260,Machilipatnam,232000.0,India,16.17,81.13
261,Pali,229956.0,India,25.77,73.33
262,Songadh,229782.0,India,21.167,73.564
263,Gadda Madiral,229644.0,India,18.7519,79.5133
264,Hosur,229528.0,India,12.7409,77.8253
265,Haridwar,228832.0,India,29.945,78.163
266,Vizianagaram,228720.0,India,18.1159,83.406
267,Pathardi,228279.0,India,19.17,75.18
268,Mel Palaiyam,227895.0,India,8.7,77.7069
269,Khatima,227226.0,India,28.9198,79.9699
270,Petlad,227031.0,India,22.47,72.8
271,Pudukkottai,225500.0,India,10.3833,78.8001
272,Nadiad,225132.0,India,22.69,72.86
273,Tanjore,222943.0,India,10.787,79.1378
274,Kichha,221965.0,India,28.92,79.5
275,Katri,221875.0,India,23.48,80.4
276,Dagarua,221229.0,India,25.8,87.64
277,Sambhal,220813.0,India,28.58,78.55
278,Singrauliya,220257.0,India,24.202,82.666
279,Naihati,217900.0,India,22.89,88.42
280,Jaynagar,217820.0,India,26.5925,86.1372
281,Yamunanagar,216628.0,India,30.133,77.288
282,Pallavaram,215417.0,India,12.9675,80.1491
283,Khargone,215000.0,India,21.82,75.6187
284,Secunderabad,213698.0,India,17.4399,78.4983
285,Monghyr,213101.0,India,25.381,86.465
286,Chapra,212955.0,India,25.7848,84.7274
287,Bhadravati,212073.0,India,13.8485,75.705
288,Panchkula,211355.0,India,30.74,76.8
289,Burhanpur,210891.0,India,21.3114,76.2289
290,Kapra,209882.0,India,17.4859,78.5651
291,Nowgong,209000.0,India,26.3504,92.6796
292,Ambala,207934.0,India,30.38,76.78
293,Kharagpur,207604.0,India,22.3302,87.3237
294,Robertsonpet,207350.0,India,12.9563,78.2754
295,Dindigul,207327.0,India,10.35,77.95
296,Raniwara Kalan,206831.0,India,24.75,72.2167
297,Shimla,206575.0,India,31.1033,77.1722
298,Hospet,206167.0,India,15.2689,76.3909
299,Maldah,205521.0,India,25.0044,88.1458
300,Ongole,204746.0,India,15.506,80.049
301,Ellore,203780.0,India,16.7117,81.1031
302,Deoghar,203116.0,India,24.48,86.7
303,Chhindwara,202688.0,India,22.057,78.9396
304,Mokameh,202411.0,India,25.3898,85.9191
305,Puri,201026.0,India,19.8106,85.8314
306,Haldia,200827.0,India,22.0667,88.0698
307,Khandwa,200738.0,India,21.82,76.35
308,Nandyal,200516.0,India,15.48,78.48
309,Morena,200483.0,India,26.5,78.0
310,Karjat,200000.0,India,18.55,75.0
311,Kasba Pataspur,200000.0,India,22.0216,87.5423
312,Drabar,199429.0,India,33.43,75.09
313,Amroha,198471.0,India,28.9044,78.4675
314,Rani,198194.0,India,9.3667,76.7667
315,Chakradharpur,197953.0,India,22.7,85.63
316,Bhiwani,197662.0,India,28.78,76.13
317,Bhind,197585.0,India,26.5647,78.7864
318,Khammam,196283.0,India,17.2473,80.1514
319,Madhyamgram,196127.0,India,22.7,88.45
320,Ghandinagar,195891.0,India,23.2231,72.65
321,Baharampur,195223.0,India,24.1,88.25
322,Morbi,194947.0,India,22.82,70.83
323,Rae Bareli,191316.0,India,26.2236,81.2403
324,Orai,190575.0,India,25.98,79.47
325,Mahbubnagar,190400.0,India,16.7488,78.0035
326,Murtazabad,189117.0,India,28.7111,77.2688
327,Bhuj,188236.0,India,23.25,69.67
328,Ratanpur,187573.0,India,23.0851,72.5716
329,Bhusaval,187421.0,India,21.05,75.77
330,Bahraigh,186223.0,India,27.575,81.594
331,Umreth,185320.0,India,22.6986,73.1156
332,Ittikara,185008.0,India,8.8633,76.6972
333,Mahesana,184991.0,India,23.6,72.4
334,Alasandigutta,184625.0,India,15.6244,77.2731
335,Raiganj,183612.0,India,25.62,88.12
336,Batala,183314.0,India,31.8186,75.2028
337,Palanpur,182592.0,India,24.1722,72.4333
338,Sirsa,182534.0,India,29.5333,75.0167
339,Dinapore,182241.0,India,25.6225,85.0417
340,Tambaram,182071.0,India,12.831,80.0459
341,Shrirampur,181842.0,India,22.75,88.34
342,Himatnagar,181137.0,India,23.6,72.95
343,Guna,180935.0,India,24.65,77.32
344,Nawada,180740.0,India,24.88,85.53
345,Jaunpur,180362.0,India,25.73,82.68
346,Mahad,180191.0,India,18.083,73.417
347,Madanapalle,180180.0,India,13.55,78.5
348,Wadlakonda,180000.0,India,17.7736,79.575
349,Bhachau,180000.0,India,23.296,70.343
350,Shivpuri,179977.0,India,25.43,77.65
351,Satara,179147.0,India,17.688,74.006
352,Vada,178370.0,India,19.39,73.08
353,Phillaur,178198.0,India,31.03,75.78
354,Unnao,177658.0,India,26.55,80.49
355,Sitapur,177351.0,India,27.57,80.66
356,Kalamboli,177154.0,India,19.2333,73.1333
357,Saila,176682.0,India,25.333,72.367
358,Waraseoni,176291.0,India,21.7647,80.0494
359,Mauli,176152.0,India,30.699,76.693
360,Harnaut,176140.0,India,25.3694,85.5319
361,Chittoor,175647.0,India,13.216,79.098
362,Navadwip,175474.0,India,23.42,88.37
363,Kotdwara,175232.0,India,29.75,78.53
364,Pilibhit,175000.0,India,28.6267,79.8058
365,Cuddalore,173676.0,India,11.75,79.75
366,Gondal,173353.0,India,21.958,70.795
367,Deo,173216.0,India,24.6583,84.4378
368,Silchar,172830.0,India,24.82,92.8
369,Chirala,172826.0,India,15.8246,80.3521
370,Gadag,172813.0,India,15.4167,75.6167
371,Tiruvannamalai,172348.0,India,12.13,79.07
372,Bidar,172298.0,India,17.912,77.52
373,Villupuram,171131.0,India,11.9401,79.4861
374,Nawsari,171109.0,India,20.95,72.93
375,Valsad,170060.0,India,20.61,72.926
376,Medinipur,169264.0,India,22.424,87.319
377,Damoh,168916.0,India,23.8331,79.4419
378,Haripur,168443.0,India,31.53,75.92
379,Neyveli,168368.0,India,11.6088,79.4994
380,Baramula,167986.0,India,34.198,74.364
381,Malkapur,167740.0,India,20.885,76.2
382,Jind,167592.0,India,29.3167,76.3167
383,Chandannagar,166867.0,India,22.87,88.38
384,Ādoni,166344.0,India,15.6279,77.2749
385,Udipi,165401.0,India,13.3389,74.7451
386,Fyzabad,165228.0,India,26.773,82.146
387,Sawai Madhopur,165000.0,India,26.0,76.35
388,Tenali,164937.0,India,16.239,80.645
389,Conjeeveram,164384.0,India,12.8185,79.6947
390,Madhubani,164156.0,India,26.3519,86.0719
391,Proddatur,163970.0,India,14.75,78.55
392,Sultanpur Mazra,163716.0,India,28.6981,77.0689
393,Godhra,161925.0,India,22.7772,73.6203
394,Multai,161819.0,India,21.77,78.25
395,Pangzawl,161428.0,India,22.91,92.76
396,Prantij,161279.0,India,23.4384,72.8572
397,Moga,159897.0,India,30.822,75.174
398,Budaun,159221.0,India,28.05,79.12
399,Uttarpara,159147.0,India,22.67,88.35
400,Daltonganj,158941.0,India,24.03,84.07
401,Jamkhed,158380.0,India,18.72,75.32
402,Bharuch,158253.0,India,21.712,72.993
403,Lunglei,157000.0,India,22.88,92.73
404,Saharsa,156540.0,India,25.88,86.6
405,Vidisha,155959.0,India,23.53,77.82
406,Pathankot,155909.0,India,32.2668,75.6
407,Karwar,155213.0,India,14.8,74.13
408,Thanesar,154962.0,India,29.9667,76.8167
409,Kishangarh,154886.0,India,26.57,74.87
410,Rudarpur,154485.0,India,28.98,79.4
411,Tindwara,154428.0,India,25.4833,80.3333
412,Nalgonda,154326.0,India,17.0575,79.2684
413,Dibrugarh,154019.0,India,27.48,95.0
414,Veraval,153696.0,India,20.9159,70.3629
415,Betul Bazar,153330.0,India,21.905,77.902
416,Balurghat,153279.0,India,25.22,88.76
417,Jorhat,153249.0,India,26.75,94.22
418,Krishnanagar,153062.0,India,23.4,88.5
419,Barakpur,152783.0,India,22.76,88.37
420,Porbandar,152760.0,India,21.6417,69.6293
421,Shantipur,151777.0,India,23.25,88.43
422,Hindupur,151677.0,India,13.83,77.49
423,Beawar,151472.0,India,26.1,74.32
424,Bhalswa Jahangirpur,151427.0,India,28.7354,77.1638
425,Erode,151184.0,India,11.3409,77.7171
426,Sibsagar,150781.0,India,26.9844,94.6375
427,Nangloi Jat,150371.0,India,28.6833,77.0667
428,Soro,150000.0,India,21.29,86.69
429,Nuzvid,148590.0,India,16.7881,80.8465
430,Sitarganj,148266.0,India,28.93,79.7
431,Hajipur,147688.0,India,25.6925,85.2084
432,Habra,147221.0,India,22.83,88.63
433,Bara Banki,146831.0,India,26.92,81.2
434,Bir,146709.0,India,18.99,75.76
435,Narnaul,145897.0,India,28.0444,76.1056
436,Chitaldrug,145853.0,India,14.23,76.4
437,Etah,145601.0,India,27.63,78.67
438,Abohar,145302.0,India,30.1334,74.2001
439,Kaithal,144915.0,India,29.8015,76.3998
440,Balasore,144373.0,India,21.5033,86.925
441,Koiridih,143529.0,India,24.18,86.3
442,Shillong,143229.0,India,25.5822,91.8944
443,Rewari,143021.0,India,28.18,76.62
444,Hazaribagh,142489.0,India,23.98,85.35
445,Bhimavaram,142184.0,India,16.543,81.523
446,Mandsaur,141667.0,India,24.072,75.069
447,Chas,141640.0,India,23.63,86.17
448,Port Blair,140572.0,India,11.6683,92.7378
449,Harchandpur,140274.0,India,26.36,81.17
450,Kumbakonam,140156.0,India,10.9602,79.3845
451,Aul,139628.0,India,20.67,86.64
452,Kolar,138462.0,India,13.1333,78.1333
453,Chicacole,137944.0,India,18.3,83.9
454,Bankura,137386.0,India,23.25,87.07
455,Mandya,137358.0,India,12.52,76.9
456,Dehri,137231.0,India,24.91,84.18
457,Durgauti,136962.0,India,25.2114,83.5308
458,Mainpuri,136557.0,India,27.23,79.02
459,Talaivasal,136026.0,India,11.5867,78.7583
460,Raigarh,135363.0,India,21.8974,83.395
461,Haraipur,135066.0,India,26.22,84.36
462,Siwan,135066.0,India,26.22,84.36
463,Kalol,133737.0,India,23.246,72.496
464,Hassan,133436.0,India,13.012,76.068
465,Lalitpur,133305.0,India,24.69,78.41
466,Paramagudi,133000.0,India,9.5494,78.5891
467,Gondia,132821.0,India,21.4598,80.195
468,Dalupura,132628.0,India,28.6004,77.3194
469,Naryai ka Puri,132072.0,India,26.52,78.35
470,Palwal,131926.0,India,28.1447,77.3255
471,Palghat,130955.0,India,10.775,76.651
472,Ānand,130462.0,India,22.556,72.951
473,Botad,130302.0,India,22.17,71.67
474,Mukerian,129841.0,India,31.95,75.62
475,Hanumangarh,129654.0,India,29.58,74.32
476,Jetpur,129653.0,India,21.7542,70.6222
477,Arcot,129640.0,India,12.9047,79.3238
478,Kanchrapara,129576.0,India,22.9456,88.4332
479,Hoshangabad,128599.0,India,22.7475,77.7274
480,Khanna,128137.0,India,30.7,76.22
481,Nagda,127484.0,India,23.4564,75.4131
482,Hardoi,126851.0,India,27.42,80.12
483,Guntakal,126270.0,India,15.17,77.38
484,Pithampur,126099.0,India,22.6197,75.6933
485,Patan,125497.0,India,23.85,72.125
486,Basirhat,125254.0,India,22.6572,88.8942
487,Raxaul,125210.0,India,26.9833,84.85
488,Halisahar,124939.0,India,22.9469,88.4184
489,Jagadhri,124894.0,India,30.168,77.301
490,Sunam,124590.0,India,30.13,75.8
491,Rishra,124577.0,India,22.71,88.35
492,Jharsugra,124500.0,India,21.85,84.03
493,Nandgaon,123191.0,India,20.307,74.657
494,Alwal,123031.0,India,17.5047,78.5038
495,Dimapur,122834.0,India,25.9092,93.7266
496,Sarangapuram,122368.0,India,18.9447,78.9936
497,Bhadrakh,122119.0,India,21.0545,86.5156
498,Dharmavaram,121874.0,India,14.43,77.72
499,Ambikapur,121071.0,India,23.12,83.2
500,Puruliya,121067.0,India,23.34,86.36
501,Ghazipur,121020.0,India,25.58,83.57
502,Bagaha,120736.0,India,27.0992,84.09
503,Gurdaspur,120564.0,India,32.0333,75.4
504,Tindivanam,120405.0,India,12.2267,79.6504
505,Khurda,120204.0,India,20.18,85.62
506,Hengken,120000.0,India,24.346,93.7
507,Nokha,120000.0,India,27.6,73.42
508,Jandrapeta,120000.0,India,15.8246,80.3521
509,Yelahanka,119891.0,India,13.1007,77.5963
510,Namakkal,119491.0,India,11.2167,78.1667
511,Darjeeling,118805.0,India,27.0375,88.2631
512,Sopur,118608.0,India,34.3,74.47
513,Chikmagalur,118401.0,India,13.313,75.737
514,Gudivada,118167.0,India,16.43,80.99
515,Amreli,117967.0,India,21.6006,71.2164
516,Phagwara,117954.0,India,31.22,75.77
517,Adilabad,117167.0,India,19.67,78.53
518,Baripada,116874.0,India,21.94,86.72
519,Yavatmal,116551.0,India,20.24,78.06
520,Titagarh,116541.0,India,22.74,88.37
521,Barnala,116450.0,India,30.37,75.54
522,Chittaurgarh,116406.0,India,24.88,74.63
523,Narasaraopet,116250.0,India,16.236,80.0498
524,Chidambaram,115913.0,India,11.407,79.6912
525,Kovilpatti,115434.0,India,9.1744,77.8688
526,Bijnor,115381.0,India,29.37,78.13
527,Dam Dam,114786.0,India,22.6352,88.4143
528,Vejalpur,113304.0,India,23.0061,72.5165
529,Balangir,112544.0,India,20.72,83.48
530,Shegaon,112539.0,India,20.7944,76.6944
531,Magra,112267.0,India,22.9793,88.3748
532,Mahasamund,112228.0,India,21.11,82.1
533,Rajpura,112193.0,India,30.484,76.594
534,Bagalkot,112090.0,India,16.1817,75.6958
535,Osmanabad,112085.0,India,18.3194,76.0736
536,Kalianpur,112014.0,India,26.5191,80.2498
537,Shujalpur,112000.0,India,23.4,76.72
538,Sahibganj,111954.0,India,25.25,87.65
539,Champdani,111251.0,India,22.802,88.346
540,Disa,111160.0,India,24.2501,72.1822
541,Nandurbar,111000.0,India,21.37,74.25
542,Purwa Utar,110983.0,India,26.068,83.184
543,Ferozepore,110313.0,India,30.9166,74.6
544,Mancheral,110000.0,India,18.8714,79.4443
545,Mirialguda,109891.0,India,16.8667,79.5833
546,Sehore,109118.0,India,23.2,77.08
547,Bangaon,108864.0,India,23.07,88.82
548,Khopoli,108648.0,India,18.789,73.343
549,Islamabad,108505.0,India,33.7353,75.1478
550,Khardah,108496.0,India,22.72,88.38
551,Mungeli,108387.0,India,22.07,81.68
552,Tadpatri,108171.0,India,14.92,78.02
553,Gharbara,107676.0,India,28.47,77.51
554,Sultanpur,107640.0,India,26.2583,82.0722
555,Shikohabad,107404.0,India,27.1,78.6
556,Jalpaiguri,107341.0,India,26.52,88.73
557,Shamli,107233.0,India,29.45,77.32
558,Bhilai Karanja,107170.0,India,21.2198,81.4575
559,Suriapet,106805.0,India,17.1415,79.6236
560,Wardha,106444.0,India,20.7417,78.6056
561,Ranibennur,106406.0,India,14.6167,75.6167
562,Barnoi,106169.0,India,32.43,75.43
563,Sitamarhi,106093.0,India,26.6,85.48
564,Kishanganj,105782.0,India,26.0794,87.9372
565,Hindaun,105690.0,India,26.74,77.03
566,Semari,105686.0,India,24.0555,73.8566
567,Gangawati,105529.0,India,15.43,76.53
568,North Lakhimpur,105376.0,India,27.2414,94.1056
569,Makrana,105080.0,India,27.0409,74.7273
570,Sheopur,105026.0,India,25.67,76.7
571,Ballia,104424.0,India,25.7604,84.1471
572,Tadepallegudem,104032.0,India,16.815,81.526
573,Bansbaria,103920.0,India,22.97,88.4
574,Bundi,103286.0,India,25.44,75.64
575,Amaravati,103000.0,India,16.5131,80.5165
576,Negapatam,102905.0,India,10.7672,79.8449
577,Buxar,102861.0,India,25.5605,83.9805
578,Kheda,102587.0,India,22.75,72.68
579,Tezpur,102505.0,India,26.63,92.8
580,Seoni,102343.0,India,22.08,79.53
581,Rishikesh,102138.0,India,30.1083,78.2972
582,Kapurthala,101854.0,India,31.38,75.38
583,Dhamtari,101677.0,India,20.71,81.55
584,Raneswar,101667.0,India,24.0311,87.4197
585,Brajarajnagar,101585.0,India,21.8167,83.9167
586,Sujangarh,101528.0,India,27.7,74.47
587,Bhadreswar,101477.0,India,22.82,88.35
588,Chilakalurupet,101398.0,India,16.0892,80.1672
589,Jeypore,101145.0,India,18.8563,82.5716
590,Karanja,100947.0,India,20.4833,77.4833
591,Kalyani,100575.0,India,22.975,88.4344
592,Datia,100466.0,India,25.67,78.47
593,Gangtok,100286.0,India,27.33,88.62
594,Suramala,100000.0,India,13.76,79.7
595,Barod,100000.0,India,27.8947,76.3681
596,Bijaynagar,100000.0,India,25.93,74.6386
597,Khambhaliya,100000.0,India,22.2,69.65
598,Abbigeri,100000.0,India,13.0767,77.525
599,Kundli,100000.0,India,28.99,77.022
600,Sojat,100000.0,India,25.92,73.67
601,Navalyal,100000.0,India,16.48,74.78
